symbol,exchange,ngành
AAA,HOSE,Hóa chất
AAM,HOSE,Thực phẩm & Đồ uống
AAT,HOSE,Personal & Household Goods
ABR,HOSE,Industrial Goods & Services
ABS,HOSE,Hóa chất
ABT,HOSE,Thực phẩm & Đồ uống
ACB,HOSE,Banks
ACC,HOSE,Construction & Materials
ACG,HOSE,Basic Resources
ACL,HOSE,Thực phẩm & Đồ uống
ADG,HOSE,Media
ADP,HOSE,Construction & Materials
ADS,HOSE,Personal & Household Goods
AGG,HOSE,Bất động sản
AGR,HOSE,Financial Services
ANV,HOSE,Thực phẩm & Đồ uống
APG,HOSE,Financial Services
APH,HOSE,Industrial Goods & Services
ASG,HOSE,Industrial Goods & Services
ASM,HOSE,Thực phẩm & Đồ uống
ASP,HOSE,"Điện, nước & xăng dầu khí đốt"
AST,HOSE,Bán lẻ
BAF,HOSE,Thực phẩm & Đồ uống
BBC,HOSE,Thực phẩm & Đồ uống
BCE,HOSE,Construction & Materials
BCG,HOSE,Financial Services
BCM,HOSE,Bất động sản
BFC,HOSE,Hóa chất
BHN,HOSE,Thực phẩm & Đồ uống
BIC,HOSE,Bảo hiểm
BID,HOSE,Banks
BKG,HOSE,Personal & Household Goods
BMC,HOSE,Basic Resources
BMI,HOSE,Bảo hiểm
BMP,HOSE,Construction & Materials
BRC,HOSE,Hóa chất
BSI,HOSE,Financial Services
BSR,HOSE,Dầu khí
BTP,HOSE,"Điện, nước & xăng dầu khí đốt"
BTT,HOSE,Bán lẻ
BVH,HOSE,Bảo hiểm
BWE,HOSE,"Điện, nước & xăng dầu khí đốt"
C32,HOSE,Construction & Materials
C47,HOSE,Construction & Materials
CCC,HOSE,Construction & Materials
CCI,HOSE,"Điện, nước & xăng dầu khí đốt"
CCL,HOSE,Bất động sản
CDC,HOSE,Construction & Materials
CHP,HOSE,"Điện, nước & xăng dầu khí đốt"
CIG,HOSE,Construction & Materials
CII,HOSE,Construction & Materials
CKG,HOSE,Bất động sản
CLC,HOSE,Personal & Household Goods
CLL,HOSE,Industrial Goods & Services
CLW,HOSE,"Điện, nước & xăng dầu khí đốt"
CMG,HOSE,Công nghệ
CMV,HOSE,Bán lẻ
CMX,HOSE,Thực phẩm & Đồ uống
CNG,HOSE,"Điện, nước & xăng dầu khí đốt"
COM,HOSE,Bán lẻ
CRC,HOSE,Construction & Materials
CRE,HOSE,Bất động sản
CSM,HOSE,Automobiles & Parts
CSV,HOSE,Hóa chất
CTD,HOSE,Construction & Materials
CTF,HOSE,Automobiles & Parts
CTG,HOSE,Banks
CTI,HOSE,Construction & Materials
CTR,HOSE,Construction & Materials
CTS,HOSE,Financial Services
CVT,HOSE,Construction & Materials
D2D,HOSE,Bất động sản
DAH,HOSE,Travel & Leisure
DAT,HOSE,Thực phẩm & Đồ uống
DBC,HOSE,Thực phẩm & Đồ uống
DBD,HOSE,Health Care
DBT,HOSE,Health Care
DC4,HOSE,Construction & Materials
DCL,HOSE,Health Care
DCM,HOSE,Hóa chất
DGC,HOSE,Hóa chất
DGW,HOSE,Bán lẻ
DHA,HOSE,Construction & Materials
DHC,HOSE,Basic Resources
DHG,HOSE,Health Care
DHM,HOSE,Basic Resources
DIG,HOSE,Bất động sản
DLG,HOSE,Construction & Materials
DMC,HOSE,Health Care
DPG,HOSE,Construction & Materials
DPM,HOSE,Hóa chất
DPR,HOSE,Hóa chất
DQC,HOSE,Personal & Household Goods
DRC,HOSE,Automobiles & Parts
DRH,HOSE,Bất động sản
DRL,HOSE,"Điện, nước & xăng dầu khí đốt"
DSC,HOSE,Financial Services
DSE,HOSE,Financial Services
DSN,HOSE,Travel & Leisure
DTA,HOSE,Bất động sản
DTL,HOSE,Basic Resources
DTT,HOSE,Hóa chất
DVP,HOSE,Industrial Goods & Services
DXG,HOSE,Bất động sản
DXS,HOSE,Bất động sản
DXV,HOSE,Construction & Materials
E1VFVN30,HOSE,
EIB,HOSE,Banks
ELC,HOSE,Công nghệ
EVE,HOSE,Personal & Household Goods
EVF,HOSE,Financial Services
EVG,HOSE,Construction & Materials
FCM,HOSE,Construction & Materials
FCN,HOSE,Construction & Materials
FDC,HOSE,Bất động sản
FIR,HOSE,Bất động sản
FIT,HOSE,Health Care
FMC,HOSE,Thực phẩm & Đồ uống
FPT,HOSE,Công nghệ
FRT,HOSE,Bán lẻ
FTS,HOSE,Financial Services
FUCTVGF3,HOSE,
FUCTVGF4,HOSE,
FUCTVGF5,HOSE,
FUCVREIT,HOSE,
FUEABVND,HOSE,
FUEBFVND,HOSE,
FUEDCMID,HOSE,
FUEFCV50,HOSE,
FUEIP100,HOSE,
FUEKIV30,HOSE,
FUEKIVFS,HOSE,
FUEKIVND,HOSE,
FUEMAV30,HOSE,
FUEMAVND,HOSE,
FUESSV30,HOSE,
FUESSV50,HOSE,
FUESSVFL,HOSE,
FUETCC50,HOSE,
FUEVFVND,HOSE,
FUEVN100,HOSE,
GAS,HOSE,"Điện, nước & xăng dầu khí đốt"
GDT,HOSE,Personal & Household Goods
GEE,HOSE,Industrial Goods & Services
GEG,HOSE,"Điện, nước & xăng dầu khí đốt"
GEX,HOSE,Industrial Goods & Services
GIL,HOSE,Personal & Household Goods
GMD,HOSE,Industrial Goods & Services
GMH,HOSE,Construction & Materials
GSP,HOSE,Industrial Goods & Services
GTA,HOSE,Basic Resources
GVR,HOSE,Hóa chất
HAG,HOSE,Thực phẩm & Đồ uống
HAH,HOSE,Industrial Goods & Services
HAP,HOSE,Basic Resources
HAR,HOSE,Bất động sản
HAS,HOSE,Construction & Materials
HAX,HOSE,Automobiles & Parts
HCD,HOSE,Hóa chất
HCM,HOSE,Financial Services
HDB,HOSE,Banks
HDC,HOSE,Bất động sản
HDG,HOSE,Bất động sản
HHP,HOSE,Basic Resources
HHS,HOSE,Automobiles & Parts
HHV,HOSE,Construction & Materials
HID,HOSE,Construction & Materials
HII,HOSE,Hóa chất
HMC,HOSE,Basic Resources
HNA,HOSE,"Điện, nước & xăng dầu khí đốt"
HPG,HOSE,Basic Resources
HPX,HOSE,Bất động sản
HQC,HOSE,Bất động sản
HRC,HOSE,Hóa chất
HSG,HOSE,Basic Resources
HSL,HOSE,
HT1,HOSE,Construction & Materials
HTG,HOSE,Personal & Household Goods
HTI,HOSE,Construction & Materials
HTL,HOSE,Automobiles & Parts
HTN,HOSE,Bất động sản
HTV,HOSE,Industrial Goods & Services
HU1,HOSE,Construction & Materials
HUB,HOSE,Construction & Materials
HVH,HOSE,Construction & Materials
HVN,HOSE,Travel & Leisure
HVX,HOSE,Construction & Materials
ICT,HOSE,Công nghệ
IDI,HOSE,Thực phẩm & Đồ uống
IJC,HOSE,Bất động sản
ILB,HOSE,Industrial Goods & Services
IMP,HOSE,Health Care
ITC,HOSE,Bất động sản
ITD,HOSE,Công nghệ
JVC,HOSE,Health Care
KBC,HOSE,Bất động sản
KDC,HOSE,Thực phẩm & Đồ uống
KDH,HOSE,Bất động sản
KHG,HOSE,Bất động sản
KHP,HOSE,"Điện, nước & xăng dầu khí đốt"
KMR,HOSE,Personal & Household Goods
KOS,HOSE,Bất động sản
KPF,HOSE,Construction & Materials
KSB,HOSE,Basic Resources
L10,HOSE,Industrial Goods & Services
LAF,HOSE,Thực phẩm & Đồ uống
LBM,HOSE,Construction & Materials
LCG,HOSE,Construction & Materials
LDG,HOSE,Bất động sản
LGC,HOSE,Construction & Materials
LGL,HOSE,Bất động sản
LHG,HOSE,Bất động sản
LIX,HOSE,Personal & Household Goods
LM8,HOSE,Construction & Materials
LPB,HOSE,Banks
LSS,HOSE,Thực phẩm & Đồ uống
MBB,HOSE,Banks
MCM,HOSE,Thực phẩm & Đồ uống
MCP,HOSE,Industrial Goods & Services
MDG,HOSE,Construction & Materials
MHC,HOSE,Industrial Goods & Services
MIG,HOSE,Bảo hiểm
MSB,HOSE,Banks
MSH,HOSE,Personal & Household Goods
MSN,HOSE,Thực phẩm & Đồ uống
MWG,HOSE,Bán lẻ
NAB,HOSE,Banks
NAF,HOSE,Thực phẩm & Đồ uống
NAV,HOSE,Construction & Materials
NBB,HOSE,Bất động sản
NCT,HOSE,Industrial Goods & Services
NHA,HOSE,Construction & Materials
NHH,HOSE,Hóa chất
NHT,HOSE,Personal & Household Goods
NKG,HOSE,Basic Resources
NLG,HOSE,Bất động sản
NNC,HOSE,Construction & Materials
NO1,HOSE,Industrial Goods & Services
NSC,HOSE,Thực phẩm & Đồ uống
NT2,HOSE,"Điện, nước & xăng dầu khí đốt"
NTL,HOSE,Bất động sản
NVL,HOSE,Bất động sản
NVT,HOSE,Bất động sản
OCB,HOSE,Banks
OGC,HOSE,Financial Services
OPC,HOSE,Health Care
ORS,HOSE,Financial Services
PAC,HOSE,Industrial Goods & Services
PAN,HOSE,Thực phẩm & Đồ uống
PC1,HOSE,Construction & Materials
PDN,HOSE,Industrial Goods & Services
PDR,HOSE,Bất động sản
PET,HOSE,Bán lẻ
PGC,HOSE,"Điện, nước & xăng dầu khí đốt"
PGD,HOSE,"Điện, nước & xăng dầu khí đốt"
PGI,HOSE,Bảo hiểm
PGV,HOSE,"Điện, nước & xăng dầu khí đốt"
PHC,HOSE,Construction & Materials
PHR,HOSE,Hóa chất
PIT,HOSE,Bán lẻ
PJT,HOSE,Industrial Goods & Services
PLP,HOSE,Hóa chất
PLX,HOSE,Dầu khí
PMG,HOSE,"Điện, nước & xăng dầu khí đốt"
PNC,HOSE,Media
PNJ,HOSE,Personal & Household Goods
POW,HOSE,"Điện, nước & xăng dầu khí đốt"
PPC,HOSE,"Điện, nước & xăng dầu khí đốt"
PSH,HOSE,"Điện, nước & xăng dầu khí đốt"
PTB,HOSE,Basic Resources
PTC,HOSE,Construction & Materials
PTL,HOSE,Bất động sản
PVD,HOSE,Dầu khí
PVP,HOSE,Industrial Goods & Services
PVT,HOSE,Industrial Goods & Services
QCG,HOSE,Bất động sản
QNP,HOSE,Industrial Goods & Services
RAL,HOSE,Personal & Household Goods
REE,HOSE,"Điện, nước & xăng dầu khí đốt"
RYG,HOSE,Construction & Materials
S4A,HOSE,"Điện, nước & xăng dầu khí đốt"
SAB,HOSE,Thực phẩm & Đồ uống
SAM,HOSE,Công nghệ
SAV,HOSE,Basic Resources
SBA,HOSE,"Điện, nước & xăng dầu khí đốt"
SBG,HOSE,Industrial Goods & Services
SBT,HOSE,Thực phẩm & Đồ uống
SBV,HOSE,Bán lẻ
SC5,HOSE,Construction & Materials
SCR,HOSE,Bất động sản
SCS,HOSE,Travel & Leisure
SFC,HOSE,"Điện, nước & xăng dầu khí đốt"
SFG,HOSE,Hóa chất
SFI,HOSE,Industrial Goods & Services
SGN,HOSE,Industrial Goods & Services
SGR,HOSE,Bất động sản
SGT,HOSE,Công nghệ
SHA,HOSE,Basic Resources
SHB,HOSE,Banks
SHI,HOSE,Basic Resources
SHP,HOSE,"Điện, nước & xăng dầu khí đốt"
SIP,HOSE,Bất động sản
SJD,HOSE,"Điện, nước & xăng dầu khí đốt"
SJS,HOSE,Bất động sản
SKG,HOSE,Travel & Leisure
SMA,HOSE,"Điện, nước & xăng dầu khí đốt"
SMB,HOSE,Thực phẩm & Đồ uống
SMC,HOSE,Basic Resources
SPM,HOSE,Health Care
SRC,HOSE,Automobiles & Parts
SRF,HOSE,Industrial Goods & Services
SSB,HOSE,Banks
SSC,HOSE,Thực phẩm & Đồ uống
SSI,HOSE,Financial Services
ST8,HOSE,Công nghệ
STB,HOSE,Banks
STG,HOSE,Industrial Goods & Services
STK,HOSE,Personal & Household Goods
SVC,HOSE,Automobiles & Parts
SVD,HOSE,Personal & Household Goods
SVI,HOSE,Industrial Goods & Services
SVT,HOSE,Bán lẻ
SZC,HOSE,Bất động sản
SZL,HOSE,Bất động sản
TBC,HOSE,"Điện, nước & xăng dầu khí đốt"
TCB,HOSE,Banks
TCD,HOSE,Construction & Materials
TCH,HOSE,Bất động sản
TCI,HOSE,Financial Services
TCL,HOSE,Industrial Goods & Services
TCM,HOSE,Personal & Household Goods
TCO,HOSE,Thực phẩm & Đồ uống
TCR,HOSE,Construction & Materials
TCT,HOSE,Travel & Leisure
TDC,HOSE,Bất động sản
TDG,HOSE,"Điện, nước & xăng dầu khí đốt"
TDH,HOSE,Bất động sản
TDM,HOSE,"Điện, nước & xăng dầu khí đốt"
TDP,HOSE,Industrial Goods & Services
TDW,HOSE,"Điện, nước & xăng dầu khí đốt"
TEG,HOSE,Bất động sản
THG,HOSE,Construction & Materials
TIP,HOSE,Bất động sản
TIX,HOSE,Bất động sản
TLD,HOSE,Bất động sản
TLG,HOSE,Personal & Household Goods
TLH,HOSE,Basic Resources
TMP,HOSE,"Điện, nước & xăng dầu khí đốt"
TMS,HOSE,Industrial Goods & Services
TMT,HOSE,Automobiles & Parts
TN1,HOSE,Bất động sản
TNC,HOSE,Hóa chất
TNH,HOSE,Health Care
TNI,HOSE,Basic Resources
TNT,HOSE,Basic Resources
TPB,HOSE,Banks
TPC,HOSE,Hóa chất
TRA,HOSE,Health Care
TRC,HOSE,Hóa chất
TSC,HOSE,Hóa chất
TTA,HOSE,"Điện, nước & xăng dầu khí đốt"
TTE,HOSE,"Điện, nước & xăng dầu khí đốt"
TTF,HOSE,Basic Resources
TV2,HOSE,Industrial Goods & Services
TVB,HOSE,Financial Services
TVS,HOSE,Financial Services
TVT,HOSE,Personal & Household Goods
TYA,HOSE,Industrial Goods & Services
UIC,HOSE,"Điện, nước & xăng dầu khí đốt"
VAF,HOSE,Hóa chất
VCA,HOSE,Basic Resources
VCB,HOSE,Banks
VCF,HOSE,Thực phẩm & Đồ uống
VCG,HOSE,Construction & Materials
VCI,HOSE,Financial Services
VDP,HOSE,Health Care
VDS,HOSE,Financial Services
VFG,HOSE,Hóa chất
VGC,HOSE,Construction & Materials
VHC,HOSE,Thực phẩm & Đồ uống
VHM,HOSE,Bất động sản
VIB,HOSE,Banks
VIC,HOSE,Bất động sản
VID,HOSE,Basic Resources
VIP,HOSE,Industrial Goods & Services
VIX,HOSE,Financial Services
VJC,HOSE,Travel & Leisure
VMD,HOSE,Health Care
VND,HOSE,Financial Services
VNE,HOSE,Construction & Materials
VNG,HOSE,Travel & Leisure
VNL,HOSE,Industrial Goods & Services
VNM,HOSE,Thực phẩm & Đồ uống
VNS,HOSE,Travel & Leisure
VOS,HOSE,Industrial Goods & Services
VPB,HOSE,
VPD,HOSE,"Điện, nước & xăng dầu khí đốt"
VPG,HOSE,Basic Resources
VPH,HOSE,Bất động sản
VPI,HOSE,Bất động sản
VPL,HOSE,Travel & Leisure
VPS,HOSE,Hóa chất
VRC,HOSE,Bất động sản
VRE,HOSE,Bất động sản
VSC,HOSE,Industrial Goods & Services
VSH,HOSE,"Điện, nước & xăng dầu khí đốt"
VSI,HOSE,Construction & Materials
VTB,HOSE,Industrial Goods & Services
VTO,HOSE,Industrial Goods & Services
VTP,HOSE,Industrial Goods & Services
YBM,HOSE,Basic Resources
YEG,HOSE,Media
AAV,HNX,Bất động sản
ADC,HNX,Media
ALT,HNX,Media
AMC,HNX,Basic Resources
AME,HNX,Industrial Goods & Services
AMV,HNX,Health Care
API,HNX,Bất động sản
APS,HNX,Financial Services
ARM,HNX,Industrial Goods & Services
ATS,HNX,Travel & Leisure
BAB,HNX,Banks
BAX,HNX,Construction & Materials
BBS,HNX,Industrial Goods & Services
BCC,HNX,Construction & Materials
BCF,HNX,Thực phẩm & Đồ uống
BDB,HNX,Media
BED,HNX,Media
BKC,HNX,Basic Resources
BNA,HNX,Thực phẩm & Đồ uống
BPC,HNX,Industrial Goods & Services
BSC,HNX,Bất động sản
BST,HNX,Media
BTS,HNX,Construction & Materials
BTW,HNX,"Điện, nước & xăng dầu khí đốt"
BVS,HNX,Financial Services
BXH,HNX,Industrial Goods & Services
C69,HNX,Construction & Materials
CAG,HNX,Industrial Goods & Services
CAN,HNX,Thực phẩm & Đồ uống
CAP,HNX,Basic Resources
CAR,HNX,Industrial Goods & Services
CCR,HNX,Industrial Goods & Services
CDN,HNX,Industrial Goods & Services
CEO,HNX,Bất động sản
CET,HNX,Personal & Household Goods
CIA,HNX,Industrial Goods & Services
CJC,HNX,Industrial Goods & Services
CKV,HNX,Công nghệ
CLH,HNX,Construction & Materials
CLM,HNX,Basic Resources
CMC,HNX,Industrial Goods & Services
CMS,HNX,Construction & Materials
CPC,HNX,Hóa chất
CSC,HNX,Construction & Materials
CST,HNX,Basic Resources
CTB,HNX,Industrial Goods & Services
CTP,HNX,Thực phẩm & Đồ uống
CTT,HNX,Industrial Goods & Services
CVN,HNX,Health Care
CX8,HNX,Construction & Materials
D11,HNX,Bất động sản
DAD,HNX,Media
DAE,HNX,Media
DC2,HNX,Construction & Materials
DDG,HNX,"Điện, nước & xăng dầu khí đốt"
DHP,HNX,Industrial Goods & Services
DHT,HNX,Bán lẻ
DIH,HNX,Construction & Materials
DL1,HNX,Industrial Goods & Services
DNC,HNX,"Điện, nước & xăng dầu khí đốt"
DNP,HNX,Construction & Materials
DP3,HNX,Health Care
DS3,HNX,Industrial Goods & Services
DST,HNX,Media
DTD,HNX,Bất động sản
DTG,HNX,Health Care
DTK,HNX,"Điện, nước & xăng dầu khí đốt"
DVM,HNX,Health Care
DXP,HNX,Industrial Goods & Services
EBS,HNX,Media
ECI,HNX,Media
EID,HNX,Media
EVS,HNX,Financial Services
FID,HNX,Construction & Materials
GDW,HNX,"Điện, nước & xăng dầu khí đốt"
GIC,HNX,Industrial Goods & Services
GKM,HNX,Construction & Materials
GLT,HNX,Personal & Household Goods
GMA,HNX,Automobiles & Parts
GMX,HNX,Construction & Materials
HAD,HNX,Thực phẩm & Đồ uống
HAT,HNX,Thực phẩm & Đồ uống
HBS,HNX,Financial Services
HCC,HNX,Construction & Materials
HCT,HNX,Industrial Goods & Services
HDA,HNX,Construction & Materials
HEV,HNX,Media
HGM,HNX,Basic Resources
HHC,HNX,Thực phẩm & Đồ uống
HJS,HNX,"Điện, nước & xăng dầu khí đốt"
HKT,HNX,Thực phẩm & Đồ uống
HLC,HNX,Basic Resources
HLD,HNX,Bất động sản
HMH,HNX,Industrial Goods & Services
HMR,HNX,Construction & Materials
HOM,HNX,Construction & Materials
HTC,HNX,"Điện, nước & xăng dầu khí đốt"
HUT,HNX,Automobiles & Parts
HVT,HNX,Hóa chất
ICG,HNX,Construction & Materials
IDC,HNX,Bất động sản
IDJ,HNX,Bất động sản
IDV,HNX,Bất động sản
INC,HNX,Construction & Materials
INN,HNX,Industrial Goods & Services
IPA,HNX,Industrial Goods & Services
ITQ,HNX,Basic Resources
IVS,HNX,Financial Services
KDM,HNX,Construction & Materials
KHS,HNX,Thực phẩm & Đồ uống
KKC,HNX,Basic Resources
KMT,HNX,Basic Resources
KSD,HNX,Personal & Household Goods
KSF,HNX,Bất động sản
KSQ,HNX,Construction & Materials
KST,HNX,Công nghệ
KSV,HNX,Basic Resources
KTS,HNX,Thực phẩm & Đồ uống
L14,HNX,Construction & Materials
L18,HNX,Construction & Materials
L40,HNX,Construction & Materials
LAS,HNX,Hóa chất
LBE,HNX,Media
LCD,HNX,Construction & Materials
LDP,HNX,Health Care
LHC,HNX,Construction & Materials
LIG,HNX,Construction & Materials
MAC,HNX,Industrial Goods & Services
MAS,HNX,Travel & Leisure
MBG,HNX,Construction & Materials
MBS,HNX,Financial Services
MCC,HNX,Construction & Materials
MCF,HNX,Thực phẩm & Đồ uống
MCO,HNX,Construction & Materials
MDC,HNX,Basic Resources
MED,HNX,Health Care
MEL,HNX,Basic Resources
MIC,HNX,Basic Resources
MKV,HNX,Health Care
MST,HNX,Construction & Materials
MVB,HNX,Basic Resources
NAG,HNX,Industrial Goods & Services
NAP,HNX,Industrial Goods & Services
NBC,HNX,Basic Resources
NBP,HNX,"Điện, nước & xăng dầu khí đốt"
NBW,HNX,"Điện, nước & xăng dầu khí đốt"
NDN,HNX,Bất động sản
NDX,HNX,Construction & Materials
NET,HNX,Personal & Household Goods
NFC,HNX,Hóa chất
NHC,HNX,Construction & Materials
NRC,HNX,Bất động sản
NSH,HNX,Basic Resources
NST,HNX,Personal & Household Goods
NTH,HNX,"Điện, nước & xăng dầu khí đốt"
NTP,HNX,Construction & Materials
NVB,HNX,Banks
OCH,HNX,Thực phẩm & Đồ uống
ONE,HNX,Công nghệ
PBP,HNX,Industrial Goods & Services
PCE,HNX,Hóa chất
PCG,HNX,"Điện, nước & xăng dầu khí đốt"
PCH,HNX,Hóa chất
PCT,HNX,Industrial Goods & Services
PDB,HNX,Construction & Materials
PEN,HNX,Construction & Materials
PGN,HNX,Hóa chất
PGS,HNX,"Điện, nước & xăng dầu khí đốt"
PGT,HNX,Travel & Leisure
PHN,HNX,Industrial Goods & Services
PIA,HNX,Telecommunications
PIC,HNX,"Điện, nước & xăng dầu khí đốt"
PJC,HNX,"Điện, nước & xăng dầu khí đốt"
PLC,HNX,Hóa chất
PMB,HNX,Hóa chất
PMC,HNX,Health Care
PMP,HNX,Industrial Goods & Services
PMS,HNX,Industrial Goods & Services
POT,HNX,Công nghệ
PPE,HNX,Industrial Goods & Services
PPP,HNX,Health Care
PPS,HNX,Industrial Goods & Services
PPT,HNX,"Điện, nước & xăng dầu khí đốt"
PPY,HNX,"Điện, nước & xăng dầu khí đốt"
PRC,HNX,Industrial Goods & Services
PRE,HNX,Bảo hiểm
PSC,HNX,Industrial Goods & Services
PSD,HNX,Bán lẻ
PSE,HNX,Hóa chất
PSI,HNX,Financial Services
PSW,HNX,Hóa chất
PTD,HNX,Construction & Materials
PTI,HNX,Bảo hiểm
PTS,HNX,Industrial Goods & Services
PTX,HNX,"Điện, nước & xăng dầu khí đốt"
PV2,HNX,Bất động sản
PVB,HNX,Dầu khí
PVC,HNX,Dầu khí
PVG,HNX,"Điện, nước & xăng dầu khí đốt"
PVI,HNX,Bảo hiểm
PVS,HNX,Dầu khí
QHD,HNX,Industrial Goods & Services
QST,HNX,Media
QTC,HNX,Construction & Materials
RCL,HNX,Bất động sản
S55,HNX,Construction & Materials
S99,HNX,Construction & Materials
SAF,HNX,Thực phẩm & Đồ uống
SCG,HNX,Construction & Materials
SCI,HNX,Construction & Materials
SD5,HNX,Construction & Materials
SD9,HNX,Construction & Materials
SDA,HNX,Industrial Goods & Services
SDC,HNX,Industrial Goods & Services
SDG,HNX,Industrial Goods & Services
SDN,HNX,Construction & Materials
SDU,HNX,Construction & Materials
SEB,HNX,"Điện, nước & xăng dầu khí đốt"
SED,HNX,Media
SFN,HNX,Industrial Goods & Services
SGC,HNX,Thực phẩm & Đồ uống
SGD,HNX,Media
SGH,HNX,Travel & Leisure
SHE,HNX,Personal & Household Goods
SHN,HNX,Basic Resources
SHS,HNX,Financial Services
SJ1,HNX,Thực phẩm & Đồ uống
SJE,HNX,Construction & Materials
SLS,HNX,Thực phẩm & Đồ uống
SMN,HNX,Media
SMT,HNX,Công nghệ
SPC,HNX,Hóa chất
SPI,HNX,Basic Resources
SRA,HNX,Công nghệ
SSM,HNX,Basic Resources
STC,HNX,Media
STP,HNX,Industrial Goods & Services
SVN,HNX,Construction & Materials
SZB,HNX,Bất động sản
TA9,HNX,Construction & Materials
TBX,HNX,Construction & Materials
TDT,HNX,Personal & Household Goods
TET,HNX,Personal & Household Goods
TFC,HNX,Thực phẩm & Đồ uống
THB,HNX,Thực phẩm & Đồ uống
THD,HNX,Bất động sản
THS,HNX,Bán lẻ
THT,HNX,Basic Resources
TIG,HNX,Bất động sản
TJC,HNX,Industrial Goods & Services
TKU,HNX,Basic Resources
TMB,HNX,Basic Resources
TMC,HNX,"Điện, nước & xăng dầu khí đốt"
TMX,HNX,Construction & Materials
TNG,HNX,
TOT,HNX,Industrial Goods & Services
TPH,HNX,Media
TPP,HNX,Industrial Goods & Services
TSB,HNX,Industrial Goods & Services
TTC,HNX,Construction & Materials
TTH,HNX,Basic Resources
TTL,HNX,Construction & Materials
TTT,HNX,Travel & Leisure
TV3,HNX,Construction & Materials
TV4,HNX,Industrial Goods & Services
TVC,HNX,Financial Services
TVD,HNX,Basic Resources
TXM,HNX,Construction & Materials
UNI,HNX,Công nghệ
V12,HNX,Construction & Materials
V21,HNX,Bất động sản
VBC,HNX,Industrial Goods & Services
VC1,HNX,Construction & Materials
VC2,HNX,Construction & Materials
VC3,HNX,Bất động sản
VC6,HNX,Construction & Materials
VC7,HNX,Construction & Materials
VC9,HNX,Construction & Materials
VCC,HNX,Construction & Materials
VCM,HNX,Industrial Goods & Services
VCS,HNX,Construction & Materials
VDL,HNX,Thực phẩm & Đồ uống
VE1,HNX,Construction & Materials
VE3,HNX,Construction & Materials
VE4,HNX,Construction & Materials
VE8,HNX,Construction & Materials
VFS,HNX,Financial Services
VGP,HNX,Industrial Goods & Services
VGS,HNX,Basic Resources
VHE,HNX,Health Care
VHL,HNX,Construction & Materials
VIF,HNX,Basic Resources
VIG,HNX,Financial Services
VIT,HNX,Construction & Materials
VLA,HNX,Công nghệ
VMC,HNX,Construction & Materials
VMS,HNX,Industrial Goods & Services
VNC,HNX,Industrial Goods & Services
VNF,HNX,Industrial Goods & Services
VNR,HNX,Bảo hiểm
VNT,HNX,Industrial Goods & Services
VSA,HNX,Industrial Goods & Services
VSM,HNX,Industrial Goods & Services
VTC,HNX,Công nghệ
VTH,HNX,Industrial Goods & Services
VTJ,HNX,Personal & Household Goods
VTV,HNX,Construction & Materials
VTZ,HNX,Hóa chất
WCS,HNX,Industrial Goods & Services
WSS,HNX,Financial Services
X20,HNX,Personal & Household Goods
A32,UPCOM,Personal & Household Goods
AAH,UPCOM,Basic Resources
AAS,UPCOM,Financial Services
ABB,UPCOM,Banks
ABC,UPCOM,Telecommunications
ABI,UPCOM,Bảo hiểm
ABW,UPCOM,Financial Services
ACE,UPCOM,Construction & Materials
ACM,UPCOM,Basic Resources
ACS,UPCOM,Construction & Materials
ACV,UPCOM,Industrial Goods & Services
AFX,UPCOM,Bán lẻ
AG1,UPCOM,Personal & Household Goods
AGF,UPCOM,Thực phẩm & Đồ uống
AGP,UPCOM,Health Care
AGX,UPCOM,Bán lẻ
AIC,UPCOM,Bảo hiểm
AIG,UPCOM,Thực phẩm & Đồ uống
ALV,UPCOM,Construction & Materials
AMD,UPCOM,Bất động sản
AMP,UPCOM,Health Care
AMS,UPCOM,Industrial Goods & Services
ANT,UPCOM,Thực phẩm & Đồ uống
APC,UPCOM,Health Care
APF,UPCOM,Thực phẩm & Đồ uống
APL,UPCOM,Industrial Goods & Services
APP,UPCOM,Hóa chất
APT,UPCOM,Thực phẩm & Đồ uống
ART,UPCOM,Financial Services
ASA,UPCOM,Personal & Household Goods
ATA,UPCOM,Thực phẩm & Đồ uống
ATB,UPCOM,Construction & Materials
ATG,UPCOM,Basic Resources
AVC,UPCOM,"Điện, nước & xăng dầu khí đốt"
AVF,UPCOM,Thực phẩm & Đồ uống
AVG,UPCOM,Hóa chất
BAL,UPCOM,Industrial Goods & Services
BBH,UPCOM,Industrial Goods & Services
BBM,UPCOM,Thực phẩm & Đồ uống
BBT,UPCOM,Personal & Household Goods
BCA,UPCOM,Basic Resources
BCB,UPCOM,Basic Resources
BCP,UPCOM,Health Care
BCR,UPCOM,Construction & Materials
BCV,UPCOM,Travel & Leisure
BDG,UPCOM,Personal & Household Goods
BDT,UPCOM,Construction & Materials
BDW,UPCOM,"Điện, nước & xăng dầu khí đốt"
BEL,UPCOM,Personal & Household Goods
BGE,UPCOM,"Điện, nước & xăng dầu khí đốt"
BGW,UPCOM,"Điện, nước & xăng dầu khí đốt"
BHA,UPCOM,"Điện, nước & xăng dầu khí đốt"
BHC,UPCOM,Construction & Materials
BHG,UPCOM,Thực phẩm & Đồ uống
BHI,UPCOM,Bảo hiểm
BHK,UPCOM,Thực phẩm & Đồ uống
BHP,UPCOM,Thực phẩm & Đồ uống
BIG,UPCOM,Thực phẩm & Đồ uống
BII,UPCOM,Bất động sản
BIO,UPCOM,Health Care
BLF,UPCOM,Thực phẩm & Đồ uống
BLI,UPCOM,Bảo hiểm
BLN,UPCOM,Travel & Leisure
BLT,UPCOM,Thực phẩm & Đồ uống
BMD,UPCOM,Industrial Goods & Services
BMF,UPCOM,"Điện, nước & xăng dầu khí đốt"
BMG,UPCOM,Personal & Household Goods
BMJ,UPCOM,Basic Resources
BMK,UPCOM,Construction & Materials
BMN,UPCOM,Construction & Materials
BMS,UPCOM,Financial Services
BMV,UPCOM,Thực phẩm & Đồ uống
BNW,UPCOM,"Điện, nước & xăng dầu khí đốt"
BOT,UPCOM,Construction & Materials
BQB,UPCOM,Thực phẩm & Đồ uống
BRR,UPCOM,Hóa chất
BRS,UPCOM,Industrial Goods & Services
BSA,UPCOM,"Điện, nước & xăng dầu khí đốt"
BSD,UPCOM,Thực phẩm & Đồ uống
BSG,UPCOM,Travel & Leisure
BSH,UPCOM,Thực phẩm & Đồ uống
BSL,UPCOM,Thực phẩm & Đồ uống
BSP,UPCOM,Thực phẩm & Đồ uống
BSQ,UPCOM,Thực phẩm & Đồ uống
BT1,UPCOM,Hóa chất
BT6,UPCOM,Construction & Materials
BTB,UPCOM,Thực phẩm & Đồ uống
BTD,UPCOM,Construction & Materials
BTG,UPCOM,Industrial Goods & Services
BTH,UPCOM,Industrial Goods & Services
BTN,UPCOM,Construction & Materials
BTU,UPCOM,Industrial Goods & Services
BTV,UPCOM,Travel & Leisure
BVB,UPCOM,Banks
BVG,UPCOM,Basic Resources
BVL,UPCOM,Bất động sản
BVN,UPCOM,Personal & Household Goods
BWA,UPCOM,"Điện, nước & xăng dầu khí đốt"
BWS,UPCOM,"Điện, nước & xăng dầu khí đốt"
C12,UPCOM,Construction & Materials
C21,UPCOM,Bất động sản
C22,UPCOM,Thực phẩm & Đồ uống
C4G,UPCOM,Construction & Materials
C92,UPCOM,Construction & Materials
CAD,UPCOM,Thực phẩm & Đồ uống
CAT,UPCOM,Thực phẩm & Đồ uống
CBI,UPCOM,Basic Resources
CBS,UPCOM,Thực phẩm & Đồ uống
CC1,UPCOM,Construction & Materials
CC4,UPCOM,Construction & Materials
CCA,UPCOM,Thực phẩm & Đồ uống
CCM,UPCOM,Construction & Materials
CCP,UPCOM,Industrial Goods & Services
CCT,UPCOM,Industrial Goods & Services
CCV,UPCOM,Construction & Materials
CDG,UPCOM,Construction & Materials
CDH,UPCOM,Industrial Goods & Services
CDO,UPCOM,Construction & Materials
CDP,UPCOM,Health Care
CDR,UPCOM,Construction & Materials
CEN,UPCOM,Bán lẻ
CFM,UPCOM,Industrial Goods & Services
CFV,UPCOM,Thực phẩm & Đồ uống
CGV,UPCOM,Construction & Materials
CH5,UPCOM,Construction & Materials
CHC,UPCOM,Construction & Materials
CHS,UPCOM,"Điện, nước & xăng dầu khí đốt"
CI5,UPCOM,Construction & Materials
CID,UPCOM,Construction & Materials
CIP,UPCOM,Construction & Materials
CK8,UPCOM,Bất động sản
CKA,UPCOM,Industrial Goods & Services
CKD,UPCOM,Industrial Goods & Services
CLG,UPCOM,Bất động sản
CLX,UPCOM,Thực phẩm & Đồ uống
CMD,UPCOM,Construction & Materials
CMF,UPCOM,Thực phẩm & Đồ uống
CMI,UPCOM,Construction & Materials
CMK,UPCOM,Industrial Goods & Services
CMM,UPCOM,Thực phẩm & Đồ uống
CMN,UPCOM,Thực phẩm & Đồ uống
CMP,UPCOM,Industrial Goods & Services
CMT,UPCOM,Công nghệ
CMW,UPCOM,"Điện, nước & xăng dầu khí đốt"
CNA,UPCOM,Thực phẩm & Đồ uống
CNC,UPCOM,Health Care
CNN,UPCOM,Construction & Materials
CNT,UPCOM,Construction & Materials
CPA,UPCOM,Thực phẩm & Đồ uống
CPH,UPCOM,Bán lẻ
CPI,UPCOM,Industrial Goods & Services
CQN,UPCOM,Industrial Goods & Services
CQT,UPCOM,Construction & Materials
CSI,UPCOM,Financial Services
CT3,UPCOM,Construction & Materials
CT6,UPCOM,Construction & Materials
CTA,UPCOM,Construction & Materials
CTN,UPCOM,Construction & Materials
CTW,UPCOM,"Điện, nước & xăng dầu khí đốt"
CTX,UPCOM,Construction & Materials
CYC,UPCOM,Construction & Materials
DAC,UPCOM,Construction & Materials
DAG,UPCOM,Hóa chất
DAN,UPCOM,Health Care
DAS,UPCOM,Automobiles & Parts
DBM,UPCOM,Health Care
DC1,UPCOM,Construction & Materials
DCF,UPCOM,Construction & Materials
DCG,UPCOM,Personal & Household Goods
DCH,UPCOM,Bất động sản
DCR,UPCOM,Construction & Materials
DCS,UPCOM,Personal & Household Goods
DCT,UPCOM,Construction & Materials
DDB,UPCOM,Construction & Materials
DDH,UPCOM,Industrial Goods & Services
DDM,UPCOM,Industrial Goods & Services
DDN,UPCOM,Health Care
DDV,UPCOM,Hóa chất
DFC,UPCOM,Basic Resources
DFF,UPCOM,Construction & Materials
DGT,UPCOM,Construction & Materials
DHB,UPCOM,Hóa chất
DHD,UPCOM,Health Care
DHN,UPCOM,Health Care
DIC,UPCOM,Construction & Materials
DID,UPCOM,Construction & Materials
DKC,UPCOM,Bán lẻ
DKG,UPCOM,Construction & Materials
DKW,UPCOM,"Điện, nước & xăng dầu khí đốt"
DLD,UPCOM,Travel & Leisure
DLR,UPCOM,Construction & Materials
DLT,UPCOM,Travel & Leisure
DM7,UPCOM,Personal & Household Goods
DMN,UPCOM,Thực phẩm & Đồ uống
DMS,UPCOM,"Điện, nước & xăng dầu khí đốt"
DNA,UPCOM,"Điện, nước & xăng dầu khí đốt"
DND,UPCOM,Construction & Materials
DNE,UPCOM,Industrial Goods & Services
DNH,UPCOM,"Điện, nước & xăng dầu khí đốt"
DNL,UPCOM,Industrial Goods & Services
DNM,UPCOM,Health Care
DNN,UPCOM,"Điện, nước & xăng dầu khí đốt"
DNT,UPCOM,Travel & Leisure
DNW,UPCOM,"Điện, nước & xăng dầu khí đốt"
DOC,UPCOM,Hóa chất
DOP,UPCOM,Industrial Goods & Services
DP1,UPCOM,Health Care
DP2,UPCOM,Health Care
DPC,UPCOM,Industrial Goods & Services
DPH,UPCOM,Health Care
DPP,UPCOM,Health Care
DPS,UPCOM,Basic Resources
DRG,UPCOM,Hóa chất
DRI,UPCOM,Hóa chất
DSD,UPCOM,Travel & Leisure
DSG,UPCOM,Construction & Materials
DSH,UPCOM,Construction & Materials
DSP,UPCOM,Travel & Leisure
DTB,UPCOM,Industrial Goods & Services
DTC,UPCOM,Construction & Materials
DTE,UPCOM,"Điện, nước & xăng dầu khí đốt"
DTH,UPCOM,Health Care
DTI,UPCOM,Travel & Leisure
DTP,UPCOM,Health Care
DUS,UPCOM,Industrial Goods & Services
DVC,UPCOM,"Điện, nước & xăng dầu khí đốt"
DVG,UPCOM,Construction & Materials
DVN,UPCOM,Health Care
DVW,UPCOM,Construction & Materials
DWC,UPCOM,"Điện, nước & xăng dầu khí đốt"
DWS,UPCOM,"Điện, nước & xăng dầu khí đốt"
DXL,UPCOM,Travel & Leisure
DZM,UPCOM,Industrial Goods & Services
E12,UPCOM,Construction & Materials
E29,UPCOM,Construction & Materials
ECO,UPCOM,Hóa chất
EFI,UPCOM,Bất động sản
EIC,UPCOM,Construction & Materials
EIN,UPCOM,Travel & Leisure
EME,UPCOM,Industrial Goods & Services
EMG,UPCOM,Industrial Goods & Services
EMS,UPCOM,Industrial Goods & Services
EPC,UPCOM,Thực phẩm & Đồ uống
EPH,UPCOM,Media
FBA,UPCOM,Personal & Household Goods
FBC,UPCOM,Industrial Goods & Services
FCC,UPCOM,Bất động sản
FCS,UPCOM,Thực phẩm & Đồ uống
FGL,UPCOM,Thực phẩm & Đồ uống
FHN,UPCOM,Bán lẻ
FHS,UPCOM,Media
FIC,UPCOM,Construction & Materials
FLC,UPCOM,Bất động sản
FOC,UPCOM,Media
FOX,UPCOM,Telecommunications
FRC,UPCOM,Basic Resources
FRM,UPCOM,Basic Resources
FSO,UPCOM,Industrial Goods & Services
FT1,UPCOM,Industrial Goods & Services
FTI,UPCOM,Automobiles & Parts
FTM,UPCOM,Personal & Household Goods
G20,UPCOM,Personal & Household Goods
G36,UPCOM,Construction & Materials
GAB,UPCOM,Construction & Materials
GCB,UPCOM,"Điện, nước & xăng dầu khí đốt"
GCF,UPCOM,Thực phẩm & Đồ uống
GDA,UPCOM,Basic Resources
GER,UPCOM,Hóa chất
GGG,UPCOM,Automobiles & Parts
GH3,UPCOM,Construction & Materials
GHC,UPCOM,"Điện, nước & xăng dầu khí đốt"
GLC,UPCOM,Basic Resources
GLW,UPCOM,"Điện, nước & xăng dầu khí đốt"
GMC,UPCOM,Personal & Household Goods
GND,UPCOM,Construction & Materials
GPC,UPCOM,Health Care
GSM,UPCOM,"Điện, nước & xăng dầu khí đốt"
GTD,UPCOM,Personal & Household Goods
GTS,UPCOM,Construction & Materials
GTT,UPCOM,Travel & Leisure
GVT,UPCOM,Basic Resources
H11,UPCOM,Construction & Materials
HAC,UPCOM,Financial Services
HAF,UPCOM,Thực phẩm & Đồ uống
HAI,UPCOM,Hóa chất
HAM,UPCOM,Construction & Materials
HAN,UPCOM,Construction & Materials
HAV,UPCOM,Thực phẩm & Đồ uống
HBC,UPCOM,Construction & Materials
HBD,UPCOM,Industrial Goods & Services
HBH,UPCOM,Thực phẩm & Đồ uống
HC1,UPCOM,Construction & Materials
HC3,UPCOM,Construction & Materials
HCB,UPCOM,Personal & Household Goods
HCI,UPCOM,Construction & Materials
HD2,UPCOM,Bất động sản
HD6,UPCOM,Bất động sản
HD8,UPCOM,Bất động sản
HDM,UPCOM,Personal & Household Goods
HDO,UPCOM,Industrial Goods & Services
HDP,UPCOM,Health Care
HDS,UPCOM,Thực phẩm & Đồ uống
HDW,UPCOM,"Điện, nước & xăng dầu khí đốt"
HEC,UPCOM,Industrial Goods & Services
HEJ,UPCOM,Construction & Materials
HEP,UPCOM,Industrial Goods & Services
HES,UPCOM,Travel & Leisure
HFB,UPCOM,Construction & Materials
HFC,UPCOM,"Điện, nước & xăng dầu khí đốt"
HFX,UPCOM,Bán lẻ
HGT,UPCOM,Travel & Leisure
HHG,UPCOM,Travel & Leisure
HHN,UPCOM,Industrial Goods & Services
HIG,UPCOM,Công nghệ
HIO,UPCOM,"Điện, nước & xăng dầu khí đốt"
HJC,UPCOM,Personal & Household Goods
HKB,UPCOM,Thực phẩm & Đồ uống
HLA,UPCOM,Basic Resources
HLB,UPCOM,Thực phẩm & Đồ uống
HLO,UPCOM,Industrial Goods & Services
HLS,UPCOM,Industrial Goods & Services
HLT,UPCOM,Personal & Household Goods
HLY,UPCOM,Construction & Materials
HMD,UPCOM,Hóa chất
HMG,UPCOM,Basic Resources
HMS,UPCOM,Construction & Materials
HNB,UPCOM,Industrial Goods & Services
HND,UPCOM,"Điện, nước & xăng dầu khí đốt"
HNF,UPCOM,Thực phẩm & Đồ uống
HNG,UPCOM,Thực phẩm & Đồ uống
HNI,UPCOM,Personal & Household Goods
HNM,UPCOM,Thực phẩm & Đồ uống
HNP,UPCOM,Hóa chất
HNR,UPCOM,Thực phẩm & Đồ uống
HOT,UPCOM,Travel & Leisure
HPB,UPCOM,Industrial Goods & Services
HPD,UPCOM,"Điện, nước & xăng dầu khí đốt"
HPH,UPCOM,Hóa chất
HPI,UPCOM,Bất động sản
HPM,UPCOM,Basic Resources
HPP,UPCOM,Construction & Materials
HPT,UPCOM,Công nghệ
HPW,UPCOM,"Điện, nước & xăng dầu khí đốt"
HRB,UPCOM,Bất động sản
HSA,UPCOM,Industrial Goods & Services
HSI,UPCOM,Hóa chất
HSM,UPCOM,Personal & Household Goods
HSP,UPCOM,Construction & Materials
HSV,UPCOM,Basic Resources
HTE,UPCOM,"Điện, nước & xăng dầu khí đốt"
HTM,UPCOM,Bán lẻ
HTP,UPCOM,Media
HTT,UPCOM,Bán lẻ
HU3,UPCOM,Construction & Materials
HU4,UPCOM,Construction & Materials
HU6,UPCOM,Bất động sản
HUG,UPCOM,Personal & Household Goods
HVA,UPCOM,Financial Services
HVG,UPCOM,Thực phẩm & Đồ uống
HWS,UPCOM,"Điện, nước & xăng dầu khí đốt"
IBC,UPCOM,Financial Services
IBD,UPCOM,Media
ICC,UPCOM,Construction & Materials
ICF,UPCOM,Thực phẩm & Đồ uống
ICI,UPCOM,Construction & Materials
ICN,UPCOM,Construction & Materials
IDP,UPCOM,Thực phẩm & Đồ uống
IFS,UPCOM,Thực phẩm & Đồ uống
IHK,UPCOM,Media
ILA,UPCOM,Construction & Materials
ILC,UPCOM,Industrial Goods & Services
ILS,UPCOM,Industrial Goods & Services
IME,UPCOM,Industrial Goods & Services
IN4,UPCOM,Media
ING,UPCOM,Construction & Materials
IRC,UPCOM,Hóa chất
ISG,UPCOM,Industrial Goods & Services
ISH,UPCOM,"Điện, nước & xăng dầu khí đốt"
IST,UPCOM,Industrial Goods & Services
ITA,UPCOM,Bất động sản
ITS,UPCOM,Industrial Goods & Services
JOS,UPCOM,Thực phẩm & Đồ uống
KAC,UPCOM,Bất động sản
KCB,UPCOM,Basic Resources
KCE,UPCOM,Construction & Materials
KGM,UPCOM,Bán lẻ
KHD,UPCOM,Basic Resources
KHL,UPCOM,Construction & Materials
KHW,UPCOM,"Điện, nước & xăng dầu khí đốt"
KIP,UPCOM,Industrial Goods & Services
KLB,UPCOM,Banks
KLF,UPCOM,Travel & Leisure
KSH,UPCOM,Basic Resources
KTC,UPCOM,Thực phẩm & Đồ uống
KTL,UPCOM,Basic Resources
KTT,UPCOM,Construction & Materials
KVC,UPCOM,Basic Resources
KWA,UPCOM,"Điện, nước & xăng dầu khí đốt"
L12,UPCOM,Construction & Materials
L35,UPCOM,Industrial Goods & Services
L43,UPCOM,Construction & Materials
L44,UPCOM,Industrial Goods & Services
L45,UPCOM,Construction & Materials
L61,UPCOM,Industrial Goods & Services
L62,UPCOM,Industrial Goods & Services
L63,UPCOM,Industrial Goods & Services
LAI,UPCOM,Construction & Materials
LAW,UPCOM,"Điện, nước & xăng dầu khí đốt"
LCC,UPCOM,Construction & Materials
LCM,UPCOM,Basic Resources
LCS,UPCOM,Construction & Materials
LDW,UPCOM,"Điện, nước & xăng dầu khí đốt"
LEC,UPCOM,Bất động sản
LG9,UPCOM,Construction & Materials
LGM,UPCOM,Personal & Household Goods
LIC,UPCOM,Construction & Materials
LKW,UPCOM,"Điện, nước & xăng dầu khí đốt"
LLM,UPCOM,Industrial Goods & Services
LM3,UPCOM,Construction & Materials
LM7,UPCOM,Industrial Goods & Services
LMC,UPCOM,Basic Resources
LMH,UPCOM,Bất động sản
LMI,UPCOM,Industrial Goods & Services
LNC,UPCOM,Hóa chất
LO5,UPCOM,Industrial Goods & Services
LPT,UPCOM,Industrial Goods & Services
LQN,UPCOM,Construction & Materials
LSG,UPCOM,Bất động sản
LTC,UPCOM,Công nghệ
LTG,UPCOM,Thực phẩm & Đồ uống
LUT,UPCOM,Construction & Materials
M10,UPCOM,Personal & Household Goods
MA1,UPCOM,Bất động sản
MBN,UPCOM,Industrial Goods & Services
MBT,UPCOM,Bất động sản
MCG,UPCOM,Construction & Materials
MCH,UPCOM,Thực phẩm & Đồ uống
MDA,UPCOM,Industrial Goods & Services
MDF,UPCOM,Basic Resources
MEC,UPCOM,Construction & Materials
MEF,UPCOM,Health Care
MES,UPCOM,Construction & Materials
MFS,UPCOM,Telecommunications
MGC,UPCOM,Basic Resources
MGG,UPCOM,Personal & Household Goods
MGR,UPCOM,Bất động sản
MH3,UPCOM,Bất động sản
MHL,UPCOM,Basic Resources
MIE,UPCOM,Industrial Goods & Services
MIM,UPCOM,Basic Resources
MKP,UPCOM,Health Care
MLC,UPCOM,Industrial Goods & Services
MLS,UPCOM,Thực phẩm & Đồ uống
MML,UPCOM,Thực phẩm & Đồ uống
MNB,UPCOM,Personal & Household Goods
MND,UPCOM,Industrial Goods & Services
MPC,UPCOM,Thực phẩm & Đồ uống
MPT,UPCOM,Personal & Household Goods
MPY,UPCOM,Industrial Goods & Services
MQB,UPCOM,Industrial Goods & Services
MQN,UPCOM,Industrial Goods & Services
MRF,UPCOM,Health Care
MSR,UPCOM,Basic Resources
MTA,UPCOM,Basic Resources
MTB,UPCOM,Industrial Goods & Services
MTC,UPCOM,Travel & Leisure
MTG,UPCOM,"Điện, nước & xăng dầu khí đốt"
MTH,UPCOM,Industrial Goods & Services
MTL,UPCOM,Industrial Goods & Services
MTP,UPCOM,Health Care
MTS,UPCOM,Industrial Goods & Services
MTV,UPCOM,Industrial Goods & Services
MTX,UPCOM,Industrial Goods & Services
MVC,UPCOM,Construction & Materials
MVN,UPCOM,Industrial Goods & Services
MZG,UPCOM,Basic Resources
NAC,UPCOM,Construction & Materials
NAS,UPCOM,Industrial Goods & Services
NAU,UPCOM,Industrial Goods & Services
NAW,UPCOM,"Điện, nước & xăng dầu khí đốt"
NBE,UPCOM,Media
NBT,UPCOM,"Điện, nước & xăng dầu khí đốt"
NCG,UPCOM,Thực phẩm & Đồ uống
NCS,UPCOM,Thực phẩm & Đồ uống
ND2,UPCOM,"Điện, nước & xăng dầu khí đốt"
NDC,UPCOM,Health Care
NDF,UPCOM,Thực phẩm & Đồ uống
NDP,UPCOM,Health Care
NDT,UPCOM,Personal & Household Goods
NDW,UPCOM,"Điện, nước & xăng dầu khí đốt"
NED,UPCOM,Construction & Materials
NEM,UPCOM,Industrial Goods & Services
NGC,UPCOM,Thực phẩm & Đồ uống
NHP,UPCOM,Industrial Goods & Services
NHV,UPCOM,Basic Resources
NJC,UPCOM,Personal & Household Goods
NLS,UPCOM,"Điện, nước & xăng dầu khí đốt"
NNT,UPCOM,"Điện, nước & xăng dầu khí đốt"
NOS,UPCOM,Industrial Goods & Services
NQB,UPCOM,"Điện, nước & xăng dầu khí đốt"
NQN,UPCOM,"Điện, nước & xăng dầu khí đốt"
NQT,UPCOM,"Điện, nước & xăng dầu khí đốt"
NS2,UPCOM,"Điện, nước & xăng dầu khí đốt"
NSG,UPCOM,Hóa chất
NSL,UPCOM,"Điện, nước & xăng dầu khí đốt"
NSS,UPCOM,Thực phẩm & Đồ uống
NTB,UPCOM,Bất động sản
NTC,UPCOM,Bất động sản
NTF,UPCOM,Health Care
NTT,UPCOM,Personal & Household Goods
NTW,UPCOM,"Điện, nước & xăng dầu khí đốt"
NUE,UPCOM,Industrial Goods & Services
NVP,UPCOM,"Điện, nước & xăng dầu khí đốt"
NWT,UPCOM,Travel & Leisure
NXT,UPCOM,Construction & Materials
ODE,UPCOM,Media
OIL,UPCOM,Dầu khí
ONW,UPCOM,Travel & Leisure
PAI,UPCOM,Telecommunications
PAP,UPCOM,Industrial Goods & Services
PAS,UPCOM,Basic Resources
PAT,UPCOM,Hóa chất
PBC,UPCOM,Health Care
PBT,UPCOM,Industrial Goods & Services
PCC,UPCOM,Construction & Materials
PCF,UPCOM,Thực phẩm & Đồ uống
PCM,UPCOM,Construction & Materials
PDC,UPCOM,Travel & Leisure
PDV,UPCOM,Industrial Goods & Services
PEC,UPCOM,Industrial Goods & Services
PEG,UPCOM,"Điện, nước & xăng dầu khí đốt"
PEQ,UPCOM,Dầu khí
PFL,UPCOM,Construction & Materials
PGB,UPCOM,Banks
PHH,UPCOM,Construction & Materials
PHP,UPCOM,Industrial Goods & Services
PHS,UPCOM,Financial Services
PID,UPCOM,Construction & Materials
PIS,UPCOM,Basic Resources
PIV,UPCOM,Bất động sản
PJS,UPCOM,"Điện, nước & xăng dầu khí đốt"
PLA,UPCOM,Bất động sản
PLE,UPCOM,Construction & Materials
PLO,UPCOM,Industrial Goods & Services
PMJ,UPCOM,Công nghệ
PMT,UPCOM,Công nghệ
PMW,UPCOM,"Điện, nước & xăng dầu khí đốt"
PND,UPCOM,"Điện, nước & xăng dầu khí đốt"
PNG,UPCOM,Travel & Leisure
PNP,UPCOM,Industrial Goods & Services
PNT,UPCOM,Construction & Materials
POB,UPCOM,"Điện, nước & xăng dầu khí đốt"
POM,UPCOM,Basic Resources
POS,UPCOM,Dầu khí
POV,UPCOM,"Điện, nước & xăng dầu khí đốt"
PPH,UPCOM,Personal & Household Goods
PPI,UPCOM,Bất động sản
PQN,UPCOM,Industrial Goods & Services
PRO,UPCOM,Thực phẩm & Đồ uống
PRT,UPCOM,Bất động sản
PSB,UPCOM,Construction & Materials
PSG,UPCOM,Construction & Materials
PSL,UPCOM,Thực phẩm & Đồ uống
PSN,UPCOM,Industrial Goods & Services
PSP,UPCOM,Industrial Goods & Services
PTE,UPCOM,Construction & Materials
PTG,UPCOM,Personal & Household Goods
PTH,UPCOM,"Điện, nước & xăng dầu khí đốt"
PTO,UPCOM,Construction & Materials
PTP,UPCOM,Telecommunications
PTT,UPCOM,Industrial Goods & Services
PTV,UPCOM,Dầu khí
PVA,UPCOM,Construction & Materials
PVE,UPCOM,Dầu khí
PVH,UPCOM,Construction & Materials
PVL,UPCOM,Bất động sản
PVM,UPCOM,Industrial Goods & Services
PVO,UPCOM,Hóa chất
PVR,UPCOM,Bất động sản
PVV,UPCOM,Construction & Materials
PVX,UPCOM,Construction & Materials
PVY,UPCOM,Construction & Materials
PWA,UPCOM,Bất động sản
PWS,UPCOM,"Điện, nước & xăng dầu khí đốt"
PX1,UPCOM,Construction & Materials
PXA,UPCOM,Bất động sản
PXC,UPCOM,Bất động sản
PXI,UPCOM,Construction & Materials
PXL,UPCOM,Bất động sản
PXM,UPCOM,Construction & Materials
PXS,UPCOM,Construction & Materials
PXT,UPCOM,Construction & Materials
QBS,UPCOM,Hóa chất
QCC,UPCOM,Construction & Materials
QHW,UPCOM,Thực phẩm & Đồ uống
QNC,UPCOM,Construction & Materials
QNS,UPCOM,Thực phẩm & Đồ uống
QNT,UPCOM,Construction & Materials
QNU,UPCOM,Industrial Goods & Services
QNW,UPCOM,"Điện, nước & xăng dầu khí đốt"
QPH,UPCOM,"Điện, nước & xăng dầu khí đốt"
QSP,UPCOM,Industrial Goods & Services
QTP,UPCOM,"Điện, nước & xăng dầu khí đốt"
RAT,UPCOM,Industrial Goods & Services
RBC,UPCOM,Hóa chất
RCC,UPCOM,Construction & Materials
RCD,UPCOM,Construction & Materials
RDP,UPCOM,Hóa chất
RIC,UPCOM,Travel & Leisure
RTB,UPCOM,Hóa chất
S12,UPCOM,Construction & Materials
S27,UPCOM,Construction & Materials
S72,UPCOM,Construction & Materials
S74,UPCOM,Construction & Materials
S96,UPCOM,Construction & Materials
SAC,UPCOM,Industrial Goods & Services
SAL,UPCOM,Industrial Goods & Services
SAP,UPCOM,Media
SAS,UPCOM,Bán lẻ
SB1,UPCOM,Thực phẩm & Đồ uống
SBB,UPCOM,Thực phẩm & Đồ uống
SBD,UPCOM,Công nghệ
SBH,UPCOM,"Điện, nước & xăng dầu khí đốt"
SBL,UPCOM,Thực phẩm & Đồ uống
SBM,UPCOM,Construction & Materials
SBR,UPCOM,Hóa chất
SBS,UPCOM,Financial Services
SCC,UPCOM,Construction & Materials
SCD,UPCOM,Thực phẩm & Đồ uống
SCJ,UPCOM,Construction & Materials
SCL,UPCOM,Construction & Materials
SCO,UPCOM,Industrial Goods & Services
SCY,UPCOM,Industrial Goods & Services
SD1,UPCOM,Construction & Materials
SD2,UPCOM,Construction & Materials
SD3,UPCOM,Construction & Materials
SD4,UPCOM,Construction & Materials
SD6,UPCOM,Construction & Materials
SD7,UPCOM,Construction & Materials
SD8,UPCOM,Construction & Materials
SDB,UPCOM,Construction & Materials
SDD,UPCOM,Construction & Materials
SDJ,UPCOM,Construction & Materials
SDK,UPCOM,Industrial Goods & Services
SDP,UPCOM,Construction & Materials
SDT,UPCOM,Construction & Materials
SDV,UPCOM,Industrial Goods & Services
SDX,UPCOM,Construction & Materials
SDY,UPCOM,Construction & Materials
SEA,UPCOM,Thực phẩm & Đồ uống
SEP,UPCOM,Hóa chất
SGB,UPCOM,Banks
SGI,UPCOM,Personal & Household Goods
SGP,UPCOM,Industrial Goods & Services
SGS,UPCOM,Industrial Goods & Services
SHC,UPCOM,Industrial Goods & Services
SHG,UPCOM,Construction & Materials
SID,UPCOM,Bất động sản
SIG,UPCOM,Construction & Materials
SII,UPCOM,"Điện, nước & xăng dầu khí đốt"
SIV,UPCOM,Construction & Materials
SJC,UPCOM,Construction & Materials
SJF,UPCOM,Basic Resources
SJG,UPCOM,Construction & Materials
SJM,UPCOM,Construction & Materials
SKH,UPCOM,Thực phẩm & Đồ uống
SKN,UPCOM,Thực phẩm & Đồ uống
SKV,UPCOM,Thực phẩm & Đồ uống
SNC,UPCOM,Thực phẩm & Đồ uống
SNZ,UPCOM,Construction & Materials
SP2,UPCOM,"Điện, nước & xăng dầu khí đốt"
SPB,UPCOM,Personal & Household Goods
SPD,UPCOM,Thực phẩm & Đồ uống
SPH,UPCOM,Thực phẩm & Đồ uống
SPV,UPCOM,Thực phẩm & Đồ uống
SQC,UPCOM,Basic Resources
SRB,UPCOM,Công nghệ
SSF,UPCOM,Personal & Household Goods
SSG,UPCOM,Industrial Goods & Services
SSH,UPCOM,Bất động sản
SSN,UPCOM,Thực phẩm & Đồ uống
STH,UPCOM,Media
STL,UPCOM,Bất động sản
STS,UPCOM,Industrial Goods & Services
STT,UPCOM,Travel & Leisure
STW,UPCOM,"Điện, nước & xăng dầu khí đốt"
SVG,UPCOM,Industrial Goods & Services
SVH,UPCOM,"Điện, nước & xăng dầu khí đốt"
SWC,UPCOM,Industrial Goods & Services
SZE,UPCOM,Industrial Goods & Services
SZG,UPCOM,Bất động sản
TA6,UPCOM,Construction & Materials
TAB,UPCOM,Industrial Goods & Services
TAL,UPCOM,Bất động sản
TAN,UPCOM,Thực phẩm & Đồ uống
TAR,UPCOM,Thực phẩm & Đồ uống
TAW,UPCOM,"Điện, nước & xăng dầu khí đốt"
TB8,UPCOM,Industrial Goods & Services
TBD,UPCOM,Industrial Goods & Services
TBH,UPCOM,Industrial Goods & Services
TBR,UPCOM,Bất động sản
TBT,UPCOM,Construction & Materials
TBW,UPCOM,"Điện, nước & xăng dầu khí đốt"
TCJ,UPCOM,Thực phẩm & Đồ uống
TCK,UPCOM,Construction & Materials
TCW,UPCOM,Industrial Goods & Services
TDB,UPCOM,"Điện, nước & xăng dầu khí đốt"
TDF,UPCOM,Construction & Materials
TDS,UPCOM,Basic Resources
TED,UPCOM,Construction & Materials
TEL,UPCOM,Construction & Materials
TGG,UPCOM,Construction & Materials
TGP,UPCOM,Industrial Goods & Services
TH1,UPCOM,Bán lẻ
THM,UPCOM,Personal & Household Goods
THN,UPCOM,"Điện, nước & xăng dầu khí đốt"
THP,UPCOM,Thực phẩm & Đồ uống
THU,UPCOM,Industrial Goods & Services
THW,UPCOM,"Điện, nước & xăng dầu khí đốt"
TID,UPCOM,Bất động sản
TIE,UPCOM,Industrial Goods & Services
TIN,UPCOM,Financial Services
TIS,UPCOM,Basic Resources
TKA,UPCOM,Industrial Goods & Services
TKC,UPCOM,Construction & Materials
TKG,UPCOM,Basic Resources
TL4,UPCOM,Construction & Materials
TLI,UPCOM,Personal & Household Goods
TLP,UPCOM,"Điện, nước & xăng dầu khí đốt"
TLT,UPCOM,Construction & Materials
TMG,UPCOM,Basic Resources
TMW,UPCOM,Basic Resources
TNA,UPCOM,Basic Resources
TNB,UPCOM,Basic Resources
TNM,UPCOM,Construction & Materials
TNP,UPCOM,Industrial Goods & Services
TNS,UPCOM,Basic Resources
TNV,UPCOM,Personal & Household Goods
TNW,UPCOM,"Điện, nước & xăng dầu khí đốt"
TOP,UPCOM,Bán lẻ
TOS,UPCOM,Dầu khí
TOW,UPCOM,"Điện, nước & xăng dầu khí đốt"
TPS,UPCOM,Travel & Leisure
TQN,UPCOM,Basic Resources
TQW,UPCOM,"Điện, nước & xăng dầu khí đốt"
TR1,UPCOM,Industrial Goods & Services
TRS,UPCOM,Industrial Goods & Services
TRT,UPCOM,Construction & Materials
TS3,UPCOM,Construction & Materials
TS4,UPCOM,Thực phẩm & Đồ uống
TSA,UPCOM,Construction & Materials
TSD,UPCOM,Travel & Leisure
TSG,UPCOM,Industrial Goods & Services
TSJ,UPCOM,Travel & Leisure
TST,UPCOM,Công nghệ
TT6,UPCOM,Thực phẩm & Đồ uống
TTB,UPCOM,Construction & Materials
TTD,UPCOM,Health Care
TTG,UPCOM,Personal & Household Goods
TTN,UPCOM,Telecommunications
TTS,UPCOM,Basic Resources
TTZ,UPCOM,Construction & Materials
TUG,UPCOM,Industrial Goods & Services
TV1,UPCOM,Industrial Goods & Services
TV6,UPCOM,Bán lẻ
TVA,UPCOM,Construction & Materials
TVG,UPCOM,Construction & Materials
TVH,UPCOM,Construction & Materials
TVM,UPCOM,Industrial Goods & Services
TVN,UPCOM,Basic Resources
TW3,UPCOM,Health Care
UCT,UPCOM,Industrial Goods & Services
UDC,UPCOM,Construction & Materials
UDJ,UPCOM,Construction & Materials
UDL,UPCOM,Industrial Goods & Services
UEM,UPCOM,Industrial Goods & Services
UMC,UPCOM,Construction & Materials
UPC,UPCOM,"Điện, nước & xăng dầu khí đốt"
UPH,UPCOM,Health Care
USC,UPCOM,Construction & Materials
USD,UPCOM,Industrial Goods & Services
UXC,UPCOM,Thực phẩm & Đồ uống
V15,UPCOM,Construction & Materials
VAB,UPCOM,Banks
VAV,UPCOM,"Điện, nước & xăng dầu khí đốt"
VBB,UPCOM,Banks
VBG,UPCOM,Basic Resources
VBH,UPCOM,Industrial Goods & Services
VC5,UPCOM,Construction & Materials
VCE,UPCOM,Construction & Materials
VCP,UPCOM,"Điện, nước & xăng dầu khí đốt"
VCR,UPCOM,Bất động sản
VCT,UPCOM,Industrial Goods & Services
VCW,UPCOM,"Điện, nước & xăng dầu khí đốt"
VCX,UPCOM,Construction & Materials
VDB,UPCOM,Basic Resources
VDG,UPCOM,Personal & Household Goods
VDN,UPCOM,Personal & Household Goods
VDT,UPCOM,Basic Resources
VE2,UPCOM,Construction & Materials
VE9,UPCOM,Construction & Materials
VEA,UPCOM,Industrial Goods & Services
VEC,UPCOM,Công nghệ
VEF,UPCOM,Bất động sản
VES,UPCOM,Bất động sản
VET,UPCOM,Hóa chất
VFC,UPCOM,Industrial Goods & Services
VFR,UPCOM,Industrial Goods & Services
VGG,UPCOM,Personal & Household Goods
VGI,UPCOM,Telecommunications
VGL,UPCOM,Basic Resources
VGR,UPCOM,Industrial Goods & Services
VGT,UPCOM,Personal & Household Goods
VGV,UPCOM,Bất động sản
VHD,UPCOM,Bất động sản
VHF,UPCOM,Thực phẩm & Đồ uống
VHG,UPCOM,Industrial Goods & Services
VHH,UPCOM,Construction & Materials
VIE,UPCOM,Công nghệ
VIH,UPCOM,Construction & Materials
VIM,UPCOM,Basic Resources
VIN,UPCOM,Industrial Goods & Services
VIR,UPCOM,Travel & Leisure
VIW,UPCOM,Construction & Materials
VKC,UPCOM,Automobiles & Parts
VKP,UPCOM,Hóa chất
VLB,UPCOM,Construction & Materials
VLC,UPCOM,Thực phẩm & Đồ uống
VLF,UPCOM,Thực phẩm & Đồ uống
VLG,UPCOM,Industrial Goods & Services
VLP,UPCOM,Industrial Goods & Services
VLW,UPCOM,"Điện, nước & xăng dầu khí đốt"
VMA,UPCOM,Automobiles & Parts
VMG,UPCOM,"Điện, nước & xăng dầu khí đốt"
VMK,UPCOM,Construction & Materials
VMT,UPCOM,Industrial Goods & Services
VNA,UPCOM,Industrial Goods & Services
VNB,UPCOM,Media
VNH,UPCOM,Thực phẩm & Đồ uống
VNI,UPCOM,Bất động sản
VNP,UPCOM,Hóa chất
VNX,UPCOM,Media
VNY,UPCOM,Hóa chất
VNZ,UPCOM,Media
VOC,UPCOM,Thực phẩm & Đồ uống
VPA,UPCOM,Industrial Goods & Services
VPC,UPCOM,Construction & Materials
VPR,UPCOM,Media
VPW,UPCOM,"Điện, nước & xăng dầu khí đốt"
VQC,UPCOM,Industrial Goods & Services
VRG,UPCOM,Bất động sản
VSE,UPCOM,Industrial Goods & Services
VSF,UPCOM,Thực phẩm & Đồ uống
VSG,UPCOM,Industrial Goods & Services
VSN,UPCOM,Thực phẩm & Đồ uống
VST,UPCOM,Industrial Goods & Services
VTA,UPCOM,Construction & Materials
VTD,UPCOM,Travel & Leisure
VTE,UPCOM,Công nghệ
VTG,UPCOM,Travel & Leisure
VTI,UPCOM,Personal & Household Goods
VTK,UPCOM,Industrial Goods & Services
VTL,UPCOM,Thực phẩm & Đồ uống
VTM,UPCOM,Travel & Leisure
VTQ,UPCOM,Hóa chất
VTR,UPCOM,Travel & Leisure
VTS,UPCOM,Construction & Materials
VTX,UPCOM,Industrial Goods & Services
VUA,UPCOM,Financial Services
VVN,UPCOM,Construction & Materials
VVS,UPCOM,Automobiles & Parts
VW3,UPCOM,Construction & Materials
VWS,UPCOM,"Điện, nước & xăng dầu khí đốt"
VXB,UPCOM,Construction & Materials
VXP,UPCOM,Hóa chất
VXT,UPCOM,Industrial Goods & Services
WSB,UPCOM,Thực phẩm & Đồ uống
WTC,UPCOM,Industrial Goods & Services
X26,UPCOM,Personal & Household Goods
X77,UPCOM,Construction & Materials
XDH,UPCOM,Bất động sản
XHC,UPCOM,Personal & Household Goods
XLV,UPCOM,Construction & Materials
XMC,UPCOM,Construction & Materials
XMD,UPCOM,Construction & Materials
XMP,UPCOM,"Điện, nước & xăng dầu khí đốt"
XPH,UPCOM,Personal & Household Goods
YBC,UPCOM,Construction & Materials
YTC,UPCOM,Health Care
